{
    "modes": [],
    "nested sampling global log-evidence": -95.4983579748486,
    "nested sampling global log-evidence error": 0.1707296883078631,
    "global evidence": -95.4983579748486,
    "global evidence error": 0.1707296883078631,
    "marginals": [
        {
            "median": 801.2759272698352,
            "sigma": 15.871780206382766,
            "1sigma": [
                784.4061707091913,
                816.1497311219568
            ],
            "2sigma": [
                770.2709632877726,
                850.2854726123271
            ],
            "3sigma": [
                762.5680767056842,
                1015.6081899646497
            ],
            "5sigma": [
                758.5020753116628,
                1068.8904742919005
            ],
            "q75%": 811.6563211714811,
            "q25%": 790.5579934359323,
            "q99%": 962.2744591925706,
            "q01%": 767.4851065193309,
            "q90%": 821.5019785218676,
            "q10%": 779.2762354822387
        },
        {
            "median": 241.6648785298889,
            "sigma": 2.061428632190058,
            "1sigma": [
                239.4487002574803,
                243.57155752186043
            ],
            "2sigma": [
                237.72920219063496,
                245.22526022224395
            ],
            "3sigma": [
                235.95865793115647,
                247.4189231308769
            ],
            "5sigma": [
                232.44883507819165,
                248.7801159841243
            ],
            "q75%": 242.95583765715872,
            "q25%": 240.07359729836432,
            "q99%": 245.92742935792535,
            "q01%": 237.23141321835342,
            "q90%": 244.08197249420292,
            "q10%": 238.8884750091208
        },
        {
            "median": 13.973399824075202,
            "sigma": 1.358603296751169,
            "1sigma": [
                12.646512829371828,
                15.363719422874166
            ],
            "2sigma": [
                11.400511529739981,
                16.76453114489837
            ],
            "3sigma": [
                9.447544853770072,
                17.810993158470794
            ],
            "5sigma": [
                7.044078829018373,
                19.518954514206182
            ],
            "q75%": 14.8743232946108,
            "q25%": 13.050061925235777,
            "q99%": 17.19441870305935,
            "q01%": 10.760088752414267,
            "q90%": 15.744339212866267,
            "q10%": 12.288139949416331
        },
        {
            "median": -28.45009482820456,
            "sigma": 2.0292142945981624,
            "1sigma": [
                -30.5394570136753,
                -26.481028424478975
            ],
            "2sigma": [
                -32.64731739823341,
                -24.6512295981294
            ],
            "3sigma": [
                -34.56070106259751,
                -22.531919331051984
            ],
            "5sigma": [
                -38.738166858444885,
                -20.21302516392687
            ],
            "q75%": -27.096510954726185,
            "q25%": -29.843969624811827,
            "q99%": -24.045315332481064,
            "q01%": -33.38894235862623,
            "q90%": -25.978367357687105,
            "q10%": -31.202011999444025
        }
    ]
}