{
    "modes": [],
    "nested sampling global log-evidence": -46.29000340847576,
    "nested sampling global log-evidence error": 0.10749369961576892,
    "global evidence": -46.29000340847576,
    "global evidence error": 0.10749369961576892,
    "marginals": [
        {
            "median": 901.9919280040973,
            "sigma": 41.840829330687086,
            "1sigma": [
                874.0340145270861,
                957.7156731884603
            ],
            "2sigma": [
                848.375870839874,
                1007.332225459975
            ],
            "3sigma": [
                828.8354947004589,
                1077.6666652238569
            ],
            "5sigma": [
                799.7305372687409,
                1202.3942293722712
            ],
            "q75%": 932.8106059217661,
            "q25%": 882.5028556291045,
            "q99%": 1031.4314066677427,
            "q01%": 843.7725981701744,
            "q90%": 973.0374646798678,
            "q10%": 866.3446729223829
        },
        {
            "median": 323.6221763684584,
            "sigma": 4.2934864433164535,
            "1sigma": [
                319.3400560156733,
                327.92702890230623
            ],
            "2sigma": [
                314.6015460888107,
                332.02308353482164
            ],
            "3sigma": [
                309.8701804423869,
                337.8203015981474
            ],
            "5sigma": [
                300.85928773840993,
                347.1046162435682
            ],
            "q75%": 326.58906411845044,
            "q25%": 320.75769549257683,
            "q99%": 334.0109789284241,
            "q01%": 312.62555514844996,
            "q90%": 329.21871767516717,
            "q10%": 318.14138754035986
        },
        {
            "median": 17.473642007078023,
            "sigma": 1.9773740702591578,
            "1sigma": [
                15.51046485989864,
                19.465213000416956
            ],
            "2sigma": [
                13.694702644333358,
                21.17361887606744
            ],
            "3sigma": [
                11.890826507913822,
                22.479134164171317
            ],
            "5sigma": [
                10.81555802469031,
                23.90703254388567
            ],
            "q75%": 18.720380092892007,
            "q25%": 16.11990539276994,
            "q99%": 21.66567058386739,
            "q01%": 13.090028810939653,
            "q90%": 19.929276430487544,
            "q10%": 15.047362775843435
        },
        {
            "median": -37.88218378137039,
            "sigma": 2.700604807848169,
            "1sigma": [
                -40.55201798570477,
                -35.150808370008434
            ],
            "2sigma": [
                -42.98907775175779,
                -32.50366166663955
            ],
            "3sigma": [
                -45.377766344531175,
                -29.997749936355902
            ],
            "5sigma": [
                -46.13588756814264,
                -28.129869824966377
            ],
            "q75%": -35.95140278180912,
            "q25%": -39.715412148210696,
            "q99%": -31.668340072882042,
            "q01%": -44.280001413092094,
            "q90%": -34.33403472588894,
            "q10%": -41.362037703338686
        }
    ]
}