{
    "modes": [],
    "nested sampling global log-evidence": -68.48828661592172,
    "nested sampling global log-evidence error": 0.21181729161453744,
    "global evidence": -68.48828661592172,
    "global evidence error": 0.21181729161453744,
    "marginals": [
        {
            "median": 734.2330590938163,
            "sigma": 17.289983669279877,
            "1sigma": [
                719.0927748594523,
                753.6727421980121
            ],
            "2sigma": [
                708.6326844909265,
                775.5564917978737
            ],
            "3sigma": [
                701.3364961305216,
                793.9914039978755
            ],
            "5sigma": [
                693.2874967101757,
                942.6263316668612
            ],
            "q75%": 746.819041337388,
            "q25%": 724.1077252368709,
            "q99%": 782.1183482604804,
            "q01%": 705.434490670799,
            "q90%": 759.1960496909321,
            "q10%": 715.0307163257917
        },
        {
            "median": 300.9953005421127,
            "sigma": 3.1963940176342476,
            "1sigma": [
                297.57028226310456,
                303.96307029837305
            ],
            "2sigma": [
                294.504901080899,
                306.94189349087964
            ],
            "3sigma": [
                290.4077945055755,
                309.5624288863778
            ],
            "5sigma": [
                285.2216368432157,
                311.9546206919456
            ],
            "q75%": 303.0295692195961,
            "q25%": 298.57854831591374,
            "q99%": 308.06207428394845,
            "q01%": 292.88831415201184,
            "q90%": 304.8532713394853,
            "q10%": 296.637661824084
        },
        {
            "median": 11.509266397718651,
            "sigma": 1.4320104172345216,
            "1sigma": [
                10.03220530841571,
                12.896226142884753
            ],
            "2sigma": [
                8.757567275638891,
                14.31733171559964
            ],
            "3sigma": [
                7.576510909183959,
                15.713996481792618
            ],
            "5sigma": [
                7.386103791337762,
                17.545697650576713
            ],
            "q75%": 12.454140193565129,
            "q25%": 10.54749569591467,
            "q99%": 14.817349050313474,
            "q01%": 8.362209440574114,
            "q90%": 13.287996427468471,
            "q10%": 9.636939875214113
        },
        {
            "median": -23.602658550978774,
            "sigma": 1.587611825026583,
            "1sigma": [
                -25.15149203979116,
                -21.976268389737996
            ],
            "2sigma": [
                -26.785948026134218,
                -20.68265620189307
            ],
            "3sigma": [
                -28.481243363259818,
                -19.21338676818751
            ],
            "5sigma": [
                -31.22644900013484,
                -18.947344458941235
            ],
            "q75%": -22.483796474066516,
            "q25%": -24.634463403717785,
            "q99%": -20.103060084923367,
            "q01%": -27.305475166083763,
            "q90%": -21.599782102123058,
            "q10%": -25.62176670978451
        }
    ]
}