{
    "modes": [],
    "nested sampling global log-evidence": -148.7042537823201,
    "nested sampling global log-evidence error": 0.12440029049205928,
    "global evidence": -148.7042537823201,
    "global evidence error": 0.12440029049205928,
    "marginals": [
        {
            "median": 879.2129286989334,
            "sigma": 16.07911425303695,
            "1sigma": [
                863.2528975638571,
                895.411126069931
            ],
            "2sigma": [
                847.791378745556,
                910.8822115017144
            ],
            "3sigma": [
                829.7380247375813,
                926.6302081351964
            ],
            "5sigma": [
                791.420011422634,
                943.254206416132
            ],
            "q75%": 889.4176030408852,
            "q25%": 868.613092916203,
            "q99%": 916.4382541432832,
            "q01%": 840.7849831763343,
            "q90%": 900.4421552081883,
            "q10%": 858.4191271126098
        },
        {
            "median": 254.11298475583075,
            "sigma": 3.9291204787450624,
            "1sigma": [
                250.18559037752107,
                258.0438313350112
            ],
            "2sigma": [
                246.1154260655895,
                261.94276551427714
            ],
            "3sigma": [
                241.2857549204037,
                265.9865493090075
            ],
            "5sigma": [
                233.54982707637777,
                275.2331354081668
            ],
            "q75%": 256.7537176188772,
            "q25%": 251.3838845146661,
            "q99%": 263.4939626983974,
            "q01%": 244.819887437346,
            "q90%": 259.16117916210504,
            "q10%": 248.98477094629456
        },
        {
            "median": 15.598753394256567,
            "sigma": 1.7254154319071127,
            "1sigma": [
                14.028819130778981,
                17.479649994593206
            ],
            "2sigma": [
                12.621327187884068,
                19.06622432446538
            ],
            "3sigma": [
                11.248317110394531,
                20.28599243330755
            ],
            "5sigma": [
                11.112718122433058,
                21.44707645417358
            ],
            "q75%": 16.94213450406318,
            "q25%": 14.495883093635143,
            "q99%": 19.465914067597833,
            "q01%": 12.040821559216077,
            "q90%": 17.959451427810443,
            "q10%": 13.617912371302312
        },
        {
            "median": -35.94029802032146,
            "sigma": 1.92316625372845,
            "1sigma": [
                -37.95845336352016,
                -34.11212085606326
            ],
            "2sigma": [
                -39.67185558339424,
                -32.3965366520691
            ],
            "3sigma": [
                -41.49275719319323,
                -30.915263231081006
            ],
            "5sigma": [
                -43.35863166570376,
                -30.677286505309162
            ],
            "q75%": -34.681108789915825,
            "q25%": -37.251690460564845,
            "q99%": -31.780772081347394,
            "q01%": -40.27577371202789,
            "q90%": -33.600839343325596,
            "q10%": -38.45878691549041
        }
    ]
}